SISTEMA VTX15 - 32MM,54544,false,roller,flexcolor
SISTEMA VTX15 -38MM,59588,false,roller,flexcolor
SISTEMA VTX20 -45MM,65680,false,roller,flexcolor
RC Sistema Roller 32Mm,36436,false,roller,royalcort
RC Sistema Roller 38Mm,42839,false,roller,royalcort
RC Sistema Roller 45Mm,57167,false,roller,royalcort
SISTEMA VERTICAL,56830,false,verticales,flexcolor
PERSIANA,0,false,persiana,flexcolor
SISTEMA DUBAI COMPLETO CASETTE 100,113024,false,dubai,flexcolor
SISTEMA ROMANA CON TELA Y CADENA,126292,false,romana,flexcolor
Rc Zebra Sistema,100647,false,zebra,royalcort
Sop Intermedio,5610,false,adicional,flexcolor
Sop Doble,23540,false,adicional,flexcolor
Sin Adicional,0,false,adicional,flexcolor
Sop Intermedio,8031,false,adicional,royalcort
Sop Doble,7591,false,adicional,royalcort
Sin Adicional,0,false,adicional,royalcort
BLACKOUT VINILICO (Ancho1.83 mts),56925,true,roller,flexcolor
ONIX BLACKOUT (Ancho1.83 mts),94702,true,roller,flexcolor
BLACKOUT VINILICO (Ancho 2.44 mts),56925,true,roller,flexcolor
BLACKOUT VINILICO (Ancho 2.99 mts),65951,true,roller,flexcolor
FRACTAL BLACKOUT (Ancho 2.80 mts),123641,true,roller,flexcolor
ANCONA BLACKOUT (Ancho 2.40 mts),136838,true,roller,flexcolor
APOLLO BLACKOUT (Ancho 4.10 mts),144250,true,roller,flexcolor
DIONE BLACKOUT (Ancho 2.49 mts),78405,true,roller,flexcolor
SINGULAR BLACKOUT (Ancho 2.79 mts),114627,true,roller,flexcolor
DAKU BLACK OUT (Ancho 2.65),123794,true,roller,flexcolor
LINEN BLACKOUT (Ancho 2.70),121426,true,roller,flexcolor
MATTIZ BLACKOUT (Ancho 2.00 mts),90530,true,roller,flexcolor
DUBLIN BLACKOUT (Ancho 2.40),93476,true,roller,flexcolor
DUBLIN BLACKOUT (Ancho 3.05),102903,true,roller,flexcolor
LINO BLACKOUT (Ancho 2.40),123099,true,roller,flexcolor
SHANGAI BLACK OUT (ANCHO 2.40),111811,true,roller,flexcolor
SCREEN BARU (Ancho 2.50mts),100287,true,roller,flexcolor
SCREEN 5% (Ancho 3 mts),111799,true,roller,flexcolor
SCREEN PLOT (Ancho 2.5),123641,true,roller,flexcolor
SCREEN BARACOA (Ancho 2.50),104694,true,roller,flexcolor
SCREEN 10% CALICO,125326,true,roller,flexcolor
SCREEN 314 (Ancho 2.50 mts),118244,true,roller,flexcolor
SCREEN 351 APERTURA 1%  (Ancho 2.49 mts),102832,true,roller,flexcolor
SCREEN SOLAR  APERTURA 5% (ancho 2.49 mts),87561,true,roller,flexcolor
SCREEN SOLAR  APERTURA 5% (ancho 3.00 mts),102655,true,roller,flexcolor
SCREEN SLIM  APERTURA 5% (ancho 2.50),83755,true,roller,flexcolor
SCREEN SLIM  APERTURA 5% (3.00 mts),98201,true,roller,flexcolor
SCREEN BALI (Ancho 1.60 mts),118244,true,roller,flexcolor
SCREEN BALI (Ancho 2.50 mts),130075,true,roller,flexcolor
SCREEN 405 (Ancho 2.49 mts),148115,true,roller,flexcolor
SCREEN 3% (ancho 2.49),96811,true,roller,flexcolor
SCREEN 3% (ancho 2.49),96811,true,roller,flexcolor
SCREEN 3% (ancho 3.00),102973,true,roller,flexcolor
SCREEN LUMINUM 5% (ANCHO 2.35),152298,true,roller,flexcolor
CAIRO (Ancho 3 mts),71559,true,roller,flexcolor
ATRIO (Ancho 2.50 mts),104635,true,roller,flexcolor
CINA (Ancho 2.50 ) ,45625,true,roller,flexcolor
BRICK (Ancho 2.50),116536,true,roller,flexcolor
VERDANA (Ancho 2.49 mts),50503,true,roller,flexcolor
MATTIZ (Ancho 2.00 mts),62793,true,roller,flexcolor
MATTIZ (Ancho 2.40 mts),62793,true,roller,flexcolor
LINEN (Ancho 2.70 mts),79760,true,roller,flexcolor
LUNE (Ancho 2.80mts),125550,true,roller,flexcolor
ROME (Ancho 2.69 mts),83955,true,roller,flexcolor
MAMBO POLYESTER (Ancho 2.49 mts),96964,true,roller,flexcolor
KENYA (Ancho 2.70 mts) ,44128,true,roller,flexcolor
DUBLIN (Ancho 2.40 mts),72125,true,roller,flexcolor
SPIDER (Ancho 2.40 mts),99427,true,roller,flexcolor
TROPICAL (Ancho 2.35 mts),206076,true,roller,flexcolor
FOREST (Ancho 2.40 mts),130640,true,roller,flexcolor
MISTRAL (Ancho 2.70 mts),82188,true,roller,flexcolor
NAZCA (Ancho 2.50 mts),142471,true,roller,flexcolor
MALAGA (Ancho 2.50 mts),53967,true,roller,flexcolor
PORTO  (Ancho 2.40 mts),62581,true,roller,flexcolor
LINO (ANCHO 2.40),88574,true,roller,flexcolor
TREE DUBLIN (ANCHO 2.40),104505,true,roller,flexcolor
TAIPEI (ANCHO 2.30),118951,true,roller,flexcolor
BARROCO (ANCHO 2.40),48959,true,roller,flexcolor
RC Blackout Comun  (Ancho 2.49 mts) Roller,22192,true,roller,royalcort
RC Blackout Premium 440 gr,27550,true,roller,royalcort
RC Blackout Premium  550 gr,30995,true,roller,royalcort
RC Sunscreen 5% 2 (Ancho 2.49 mts),45916,true,roller,royalcort
RC Sunscreen 3%  (Ancho 2.49 mts),75771,true,roller,royalcort
RC Sunscreen Poliester  (Ancho 2.49 mts),28702,true,roller,royalcort
RC Egipcia  (Ancho 1.99 mts),61230,true,roller,royalcort
RC Venecia  (Ancho 2.79 mts),48981,true,roller,royalcort
RC Milan  (Ancho 1.99 mts),51654,true,roller,royalcort
RC Marruecos  (Ancho 2.49 mts),39026,true,roller,royalcort
RC Monaco  (Ancho 2.49 mts),39026,true,roller,royalcort
RC Translucida  (Ancho 2.49 mts),26789,true,roller,royalcort
RC Grecia  (Ancho 2.49 mts),34595,true,roller,royalcort
OPALO BLACKOUT,62345,true,verticales,flexcolor
CALGARY,61826,true,verticales,flexcolor
VERDANA,61826,true,verticales,flexcolor
BUCLE,94336,true,verticales,flexcolor
SCREEN BALI,99273,true,verticales,flexcolor
SCREEN SLIM,68178,true,verticales,flexcolor
SCREEN 405,99273,true,verticales,flexcolor
MATTIZ ,51999,true,verticales,flexcolor
MATTIZ BO,77769,true,verticales,flexcolor
SCRABBLE,73692,true,verticales,flexcolor
DUBLIN ,65515,true,verticales,flexcolor
ALUMINIO SOLIDO,108523,true,persiana,flexcolor
ALUMINIO MICROPERFORADO,125797,true,persiana,flexcolor
ZAFIRO (ANCHO 2.80 MTS),108299,true,dubai,flexcolor
PEACOCK (ANCHO 2.80 MTS),145157,true,dubai,flexcolor
BERLIN (ANCHO 2.80 MTS),137227,true,dubai,flexcolor
INTI (ANCHO 2.80 MTS),135601,true,dubai,flexcolor
WOODGRAIN (ANCHO 2.80 MTS),184819,true,dubai,flexcolor
MARROC (ANCHO 2.50 MTS),186504,true,dubai,flexcolor
SUNDOWN DIMOUT (OSCURECEDORA) (ANCHO 2.80 MTS),193268,true,dubai,flexcolor
ECLIPSE DIMOUT (OSCURECEDORA) (ANCHO 2.80MTS),222950,true,dubai,flexcolor
NEPAL (ANCHO 2.80 MTS),175699,true,dubai,flexcolor
MAUI (ANCHO 2.80 MTS),166638,true,dubai,flexcolor
GLAM (ANCHO 2.80 MTS),150012,true,dubai,flexcolor
Rc Zebra Monza (Ancho 2.79 mts),77291,true,zebra,royalcort
Rc Zebra Cairo  (Ancho 2.59 mts),77291,true,zebra,royalcort
